{
    "group": {
        "groups": [
            {
                "count": 0,
                "name": "battery_string",
                "points": [
                    {
                        "label": "Battery String Points To Be Determined",
                        "mandatory": "M",
                        "name": "BatStTBD",
                        "size": 1,
                        "type": "uint16"
                    }
                ],
                "type": "group"
            }
        ],
        "label": "Flow Battery Model",
        "name": "flow_battery",
        "points": [
            {
                "desc": "Model identifier",
                "label": "Model ID",
                "mandatory": "M",
                "name": "ID",
                "size": 1,
                "static": "S",
                "type": "uint16",
                "value": 806
            },
            {
                "desc": "Model length",
                "label": "Model Length",
                "mandatory": "M",
                "name": "L",
                "size": 1,
                "static": "S",
                "type": "uint16"
            },
            {
                "label": "Battery Points To Be Determined",
                "mandatory": "M",
                "name": "BatTBD",
                "size": 1,
                "type": "uint16"
            }
        ],
        "type": "group"
    },
    "id": 806
}