{
    "group": {
        "desc": "Include to support orientation measurements",
        "groups": [
            {
                "count": 0,
                "name": "incl",
                "points": [
                    {
                        "desc": "X-Axis inclination",
                        "label": "X",
                        "mandatory": "M",
                        "name": "Inclx",
                        "sf": -2,
                        "size": 2,
                        "type": "int32",
                        "units": "Degrees"
                    },
                    {
                        "desc": "Y-Axis inclination",
                        "label": "Y",
                        "name": "Incly",
                        "sf": -2,
                        "size": 2,
                        "type": "int32",
                        "units": "Degrees"
                    },
                    {
                        "desc": "Z-Axis inclination",
                        "label": "Z",
                        "name": "Inclz",
                        "sf": -2,
                        "size": 2,
                        "type": "int32",
                        "units": "Degrees"
                    }
                ],
                "type": "group"
            }
        ],
        "label": "Inclinometer Model",
        "name": "inclinometer",
        "points": [
            {
                "desc": "Model identifier",
                "label": "Model ID",
                "mandatory": "M",
                "name": "ID",
                "size": 1,
                "static": "S",
                "type": "uint16",
                "value": 304
            },
            {
                "desc": "Model length",
                "label": "Model Length",
                "mandatory": "M",
                "name": "L",
                "size": 1,
                "static": "S",
                "type": "uint16"
            }
        ],
        "type": "group"
    },
    "id": 304
}